Id,Nombre,Horas trabajadas,Salario
1,Val,90,9501
2,Betsey,98,2562
3,Basil,82,6841
4,Hazel,94,1048
5,Daren,51,9856
6,Cam,82,1004
7,Mackenzie,64,9036
8,Wilfrid,61,4990
9,Tobie,92,6925
10,Cassandry,62,7321
11,Lennard,79,9630
12,Devin,71,1125
13,Yoko,67,8286
14,Forbes,78,5404
15,Taddeo,57,762
16,Michelle,93,4294
17,Dalenna,78,4613
18,Bradly,57,7799
19,Ronica,57,3392
20,Farlie,77,5993
21,Pauly,58,3462
22,Lamont,96,4638
23,Tanya,72,8839
24,Harriett,90,9250
25,Anabelle,96,2077
26,Renaldo,70,6807
27,Abby,87,9054
28,Silas,76,4253
29,Melony,83,9820
30,Edward,79,4939
31,Dolph,54,9943
32,Nicholle,62,9796
33,Hobart,50,8514
34,Jerry,63,4649
35,Lesli,62,2227
36,Moise,80,1203
37,Olga,97,4304
38,Eugen,99,8569
39,Kingston,51,8907
40,Roze,91,3110
41,Jaye,95,5855
42,Beth,75,3446
43,Augustina,83,4030
44,Leroi,63,3823
45,Adelind,62,8330
46,Candis,100,8366
47,Devin,76,737
48,Hephzibah,84,5867
49,Devina,87,8358
50,Gretna,82,6836
51,Adele,79,7132
52,Paige,89,3417
53,Abba,92,6491
54,Edward,58,7781
55,Beale,69,1629
56,Alexandr,59,5173
57,Ferrel,90,6849
58,Nathan,95,1560
59,Emera,63,7250
60,Sibylle,65,599
61,Boy,64,2340
62,Lennard,66,8483
63,Cherida,98,8643
64,Fenelia,86,6635
65,Cecelia,86,8270
66,Roanne,66,5321
67,Dannel,78,2440
68,Crissie,51,8175
69,Ilyse,98,2111
70,Lucius,63,7886
71,Fran,66,9086
72,Gordon,76,6059
73,Zarla,64,5075
74,Madelle,65,8110
75,Dasi,51,1772
76,Melessa,95,7867
77,Gene,51,5377
78,Levon,93,4114
79,Pooh,59,1951
80,Jasen,91,3095
81,Liam,82,3248
82,Tawsha,86,9733
83,Mahalia,73,4356
84,Dionne,79,9387
85,Nanon,53,7304
86,Cassandra,77,7189
87,Cami,57,7845
88,Leonard,63,550
89,Jarvis,92,6705
90,Brnaby,59,1072
91,Emelda,52,7586
92,Maddie,92,6083
93,Petronille,67,6896
94,Betteann,62,811
95,Artus,53,943
96,Dell,55,5664
97,Matteo,60,657
98,Sacha,75,7754
99,Malena,93,1045
100,Arturo,53,4418
101,Gracia,73,1373
102,Oran,79,7084
103,Hinda,79,9820
104,Monica,56,3676
105,Kate,62,3990
106,Gale,75,894
107,Udall,89,9014
108,Ninette,88,2315
109,Rafe,50,4694
110,Carolan,90,6885
111,Richie,73,7559
112,Kimberley,58,6638
113,Lewie,64,6101
114,Wilfrid,100,5537
115,Arri,92,7034
116,Mindy,91,6744
117,Hertha,89,6300
118,Donni,82,9185
119,Dario,69,9936
120,Mary,50,4576
121,Rosalinde,77,4361
122,Tiphany,59,7964
123,Goldie,66,6256
124,Salem,77,3398
125,Tillie,66,3257
126,Lewiss,99,730
127,Syd,70,2885
128,Jule,86,5984
129,Lettie,61,6802
130,Tera,59,7616
131,Kimmy,90,7677
132,Sorcha,60,9026
133,Sherman,89,2792
134,Fidole,66,7310
135,Bill,70,6449
136,Marji,69,7261
137,Gisele,77,7484
138,Robenia,52,8711
139,Delilah,82,7976
140,Lotty,61,2418
141,Cherice,52,3596
142,Aileen,77,3896
143,Deena,74,5849
144,Agace,70,9423
145,Wyatt,74,2032
146,Harvey,58,3099
147,Osbert,81,3311
148,Roderich,58,3969
149,Merrel,84,1417
150,Sanson,55,4224
151,Nelson,86,7246
152,Elvira,87,7406
153,Von,96,8513
154,Bordie,62,9257
155,Ellene,62,9679
156,Deb,95,4259
157,Lazaro,99,6544
158,Saudra,90,8099
159,Staford,100,2528
160,Hildagard,79,2457
161,Timoteo,91,2462
162,Norbie,96,6014
163,Lorenzo,70,5240
164,Von,58,7597
165,Winfield,57,9799
166,Freeman,74,6078
167,Corinne,90,3681
168,Scotty,53,1760
169,Jocko,60,672
170,Doralynn,88,2474
171,Tildie,81,8626
172,Joachim,57,7452
173,Worthy,99,6629
174,Nydia,64,7769
175,Nate,83,1533
176,Othello,75,9486
177,Erwin,77,3158
178,Lind,54,7193
179,Ralf,85,5398
180,Lindsey,60,7034
181,Karlan,65,9842
182,Alix,50,811
183,Jere,59,1706
184,Cori,91,6877
185,Layton,61,4267
186,Jackelyn,95,2361
187,Jonie,95,3527
188,Peggy,97,6401
189,Edmund,60,8705
190,Dianna,80,5003
191,Jennica,91,1680
192,Jazmin,85,8386
193,Jean,60,7218
194,Giordano,98,7292
195,Carlyn,50,9719
196,Miguela,81,4819
197,Alvera,73,3719
198,Pietra,61,6041
199,Lidia,98,7999
200,Lu,86,5613
201,Carmine,97,9158
202,Calley,63,3466
203,Whit,64,5882
204,Vanda,73,2494
205,Hobart,57,4920
206,Joshuah,68,3425
207,Garvin,97,6199
208,Abdul,56,1808
209,Aloise,62,2336
210,Lulu,86,2237
211,Mari,65,3731
212,Kalli,57,7105
213,Hermann,78,1344
214,Wilhelm,83,4672
215,Rosene,62,3664
216,Dael,55,8771
217,Cesya,92,4562
218,Sunshine,91,1668
219,Chantal,93,1958
220,Lonee,99,3971
221,Felicle,60,9199
222,Seline,99,9095
223,Britni,69,8572
224,Lucinda,58,2140
225,Rayshell,83,891
226,Ennis,64,3992
227,Elissa,99,5679
228,Amie,94,1420
229,Constancy,93,2665
230,Elbert,73,2809
231,Christoph,88,7653
232,Dulcie,77,3621
233,Giles,51,3983
234,Melodie,68,6629
235,Noah,66,3509
236,Rog,51,1130
237,Keefer,66,6422
238,Normie,56,7393
239,Ainsley,63,3514
240,Doralin,74,2597
241,Timmy,72,938
242,Kristofor,94,8351
243,Rollins,72,7774
244,Evie,63,7818
245,Tate,77,1885
246,Erroll,68,2581
247,Jameson,85,9566
248,Baxie,50,7578
249,Hillary,82,9153
250,Krystalle,51,9465
251,Kimble,51,3345
252,Sarina,78,1727
253,Dulce,74,9266
254,Corney,66,6768
255,Lilllie,50,5511
256,Tiff,65,4870
257,Cristy,70,5282
258,Ric,80,9741
259,Larine,64,3238
260,Miner,94,7506
261,Myrta,93,6032
262,Joscelin,86,7314
263,Rosemonde,78,7697
264,Barry,78,2831
265,Ekaterina,69,3487
266,Zak,95,8936
267,Ike,51,4638
268,Ninnetta,96,3037
269,Carly,53,2890
270,Dur,98,2771
271,Henryetta,58,9361
272,Wilden,73,5292
273,Marilyn,89,8690
274,Lydie,90,1270
275,Cletis,96,1308
276,Stephan,100,1717
277,Susana,78,1052
278,Adiana,75,6487
279,Barn,65,3593
280,Jerome,77,1240
281,Stormie,54,996
282,Morley,60,9064
283,Ogdon,51,2231
284,Ara,68,1418
285,Janean,72,8762
286,Torie,99,7584
287,Jamal,59,6345
288,Tori,73,4017
289,Roldan,50,6686
290,Chickie,72,6579
291,Daisie,76,8611
292,Clayborne,88,6003
293,Beitris,100,4445
294,Gael,74,7328
295,Vally,89,9166
296,Antonetta,53,9839
297,Tansy,88,9374
298,Zelda,82,1973
299,Maurice,66,3636
300,Nickie,54,3547
301,Kristi,70,2293
302,Kerrin,69,7843
303,Tony,80,8633
304,Shayla,93,3787
305,Deerdre,58,9096
306,Belle,99,899
307,Angelia,63,840
308,Tymothy,94,5264
309,Mateo,84,2018
310,Allyson,67,5265
311,Jillie,57,4819
312,Gerri,55,1458
313,Jourdain,62,9177
314,Kiri,81,907
315,Dex,62,8367
316,Ammamaria,53,8462
317,Chan,66,6940
318,Crystal,56,610
319,Meta,69,8106
320,Herc,52,5038
321,Tore,64,5593
322,Virginia,51,3064
323,Garrek,63,2058
324,Lewiss,90,4977
325,Nata,88,7389
326,Sile,62,2743
327,Kristyn,73,750
328,Parrnell,60,6924
329,Ingram,71,3209
330,Martynne,68,5787
331,Mercedes,53,2565
332,Nichols,88,8859
333,Del,92,8752
334,Di,89,5060
335,Leslie,51,3328
336,Albina,84,7103
337,Benni,77,2601
338,Cacilia,80,2218
339,Gan,79,3924
340,Sheridan,64,6756
341,Tomi,50,8452
342,Rosabella,50,3022
343,Ailyn,85,2571
344,Cristen,80,6197
345,Darlleen,75,5172
346,Madonna,60,830
347,Noah,60,9704
348,Netty,59,1220
349,Rafael,84,9533
350,Almeta,98,561
351,Octavius,85,4035
352,Anjanette,68,938
353,Margalit,75,4715
354,Moses,87,1849
355,Robinet,61,8863
356,Aubrette,72,8991
357,Lin,82,6514
358,Khalil,80,7112
359,Harrison,82,577
360,Madge,84,6940
361,Valencia,66,5033
362,Brandy,97,7083
363,Milty,56,6215
364,Cristionna,75,6122
365,Fonzie,70,5582
366,Joe,85,4249
367,Isaiah,66,1032
368,Gerri,95,8118
369,Gherardo,78,2223
370,Lowrance,89,8922
371,Alayne,84,5639
372,Cordula,53,4148
373,Norby,84,2958
374,Aluino,66,9476
375,Cyrus,94,8870
376,Rosanne,51,9232
377,Theresina,81,4781
378,John,59,2197
379,Melessa,97,9483
380,Midge,61,5800
381,Noelyn,79,9560
382,Cloris,64,4948
383,Neron,65,9392
384,Lauritz,51,1531
385,Wallis,69,5835
386,Bourke,81,9853
387,Ban,55,3767
388,Dalt,89,6297
389,Garik,95,4806
390,Boot,61,7504
391,Vachel,99,2138
392,Gabriellia,70,8068
393,Elva,50,7671
394,Berrie,61,6366
395,Nara,97,5675
396,Hilda,66,6002
397,Timmi,69,9770
398,Demetrius,78,1444
399,Brucie,65,9368
400,Johnathon,83,6182
401,Sherman,65,7621
402,Rudyard,56,871
403,Felike,96,7101
404,Derk,90,9148
405,Britteny,83,1066
406,Pam,79,3364
407,Anne,61,6072
408,Keeley,84,7966
409,Zachariah,61,4580
410,Janine,88,6198
411,Ginevra,82,8174
412,Linzy,65,8822
413,Charlean,70,9737
414,Hollis,65,1737
415,Berton,91,4991
416,Ryan,61,2715
417,Shepperd,98,6850
418,Granny,97,3387
419,Kendra,78,1969
420,Josee,51,4952
421,Jaquenette,97,1248
422,Tomasine,56,7075
423,Alejoa,77,6037
424,Ellerey,71,2387
425,Ulrikaumeko,85,5086
426,Holmes,86,2042
427,Edie,75,1455
428,Andriette,78,6413
429,Hettie,77,5776
430,Daryl,88,689
431,Orlando,81,764
432,Claudelle,83,6878
433,Beverlie,78,3632
434,Beret,63,3278
435,Maritsa,78,6088
436,Aurlie,69,6177
437,Lizzie,76,6012
438,Colette,89,5110
439,Tabitha,62,4397
440,Van,86,9187
441,Andie,58,4794
442,Isabel,61,4920
443,Tania,99,5211
444,Allys,88,3856
445,Alissa,97,1207
446,Esme,94,5128
447,Sissie,60,7813
448,Bess,80,5385
449,Kermie,94,1373
450,Cliff,62,2104
451,Yettie,66,914
452,Hayley,91,7329
453,Bartholomew,99,9021
454,Lynnett,99,9718
455,Rikki,63,6178
456,Blithe,64,7337
457,Isiahi,50,5629
458,Carin,73,7720
459,Rayna,59,1922
460,Zechariah,96,3900
461,Anders,55,2137
462,Penrod,69,3545
463,Peggi,86,1398
464,Renelle,93,1429
465,Chick,60,4615
466,Edwin,74,9446
467,Valli,52,6301
468,Jacquetta,97,1965
469,Emelita,58,6729
470,Esdras,52,6055
471,Klemens,97,5640
472,Bobbye,90,2902
473,Martguerita,66,3508
474,Riccardo,98,3917
475,Sollie,100,4372
476,Emeline,58,5391
477,Nappie,97,3705
478,Linnet,73,3202
479,Erroll,57,8695
480,Corine,53,1862
481,Sula,78,6101
482,Zena,58,4457
483,Blake,60,5743
484,Kamilah,81,8494
485,Pauly,80,3017
486,Valentine,61,8666
487,Barrett,90,1331
488,Araldo,97,9726
489,Mellisa,90,8768
490,Guthry,58,1013
491,Emmery,92,2577
492,Arlinda,68,2889
493,Jodie,74,3178
494,Clementius,60,9008
495,Quent,50,8246
496,Lisette,58,9433
497,Cristal,52,4952
498,Wyatan,77,1581
499,Gasper,80,9630
500,Fae,68,1294
501,Papagena,89,3858
502,Neel,56,5542
503,Briny,97,5394
504,Hazlett,86,3316
505,Kaleb,89,9707
506,Adair,54,9226
507,Walt,65,3156
508,Eadmund,60,5283
509,Kristine,53,3192
510,Ransell,75,1918
511,Julissa,63,6035
512,Nonnah,85,5679
513,Adrea,94,1388
514,Jone,56,1840
515,Hayley,84,5380
516,Linet,84,4667
517,Fayth,72,9720
518,Nanette,61,4562
519,Neel,56,7413
520,Morena,91,4621
521,Vitoria,90,2185
522,Edi,81,6586
523,Phillip,70,8094
524,Dorise,65,8825
525,Golda,75,9627
526,Basile,69,2419
527,Rollo,83,6689
528,Alyson,61,1298
529,Raven,50,6746
530,Emelia,85,666
531,Jaclyn,69,7366
532,Julio,88,4695
533,Ruthe,68,2181
534,Archambault,80,9463
535,Dolf,78,7215
536,Minny,90,2179
537,Trace,88,3192
538,Marjy,65,7153
539,Mel,88,9208
540,Reider,79,3315
541,Paulette,53,1357
542,Henryetta,95,7631
543,Alfreda,57,2231
544,Edyth,89,6114
545,Bunnie,59,5729
546,Alick,60,8248
547,Morena,60,658
548,Gib,81,1919
549,Robby,51,5489
550,Elsi,85,4760
551,Padriac,93,9947
552,Loy,88,2381
553,Ahmed,87,9414
554,Patin,58,1754
555,Art,52,5553
556,Gorden,100,8063
557,Valentino,93,3465
558,Alana,62,8936
559,Gabrielle,73,4601
560,Arthur,60,9766
561,Woodman,100,5597
562,Andie,69,9567
563,Sorcha,66,4596
564,Skye,60,8012
565,Shanna,55,1902
566,Sandi,81,2497
567,Shannah,65,3875
568,Eyde,83,925
569,Gustav,67,9100
570,Chrisy,53,1482
571,Constancy,76,8174
572,Bartolomeo,64,5695
573,Ainslie,71,6051
574,Thorstein,71,5187
575,Lyndel,92,6906
576,Odetta,55,6274
577,Errol,69,7734
578,Letitia,71,8620
579,Gladi,89,1985
580,Duffie,85,5752
581,Amalea,94,7925
582,Stephenie,53,3851
583,Caroline,61,5573
584,Carling,60,2615
585,Killy,85,4564
586,Herb,95,8620
587,Clovis,68,958
588,Gualterio,79,5208
589,Wilbur,76,2634
590,Tiphanie,70,8634
591,Carmel,51,9646
592,Adelbert,52,5607
593,Collen,59,7790
594,Bondy,74,4401
595,Algernon,57,9064
596,Melisenda,52,1962
597,Vyky,77,1278
598,Germaine,90,8966
599,Brian,85,4400
600,Isa,97,7937
601,Sylvan,97,6916
602,Rodolphe,64,1223
603,Johan,81,8301
604,Randal,97,4605
605,Yolane,70,7467
606,Jemie,98,5821
607,Currey,56,504
608,Holmes,98,8909
609,Washington,60,4067
610,Denni,53,2475
611,Archy,97,8728
612,Ellene,56,2570
613,Scotti,63,3063
614,Maury,58,3146
615,Micky,87,2287
616,Gustavus,90,3126
617,Denny,65,3366
618,Yolande,50,4571
619,Reidar,91,4492
620,Felicity,83,4704
621,Asher,82,5800
622,Ruben,63,5049
623,Jorgan,60,5323
624,Emory,99,8921
625,Bamby,71,9233
626,Maje,96,5263
627,Giorgia,58,4013
628,Elly,75,3868
629,Lonny,67,4629
630,Vincenz,85,6239
631,Carmelina,68,5700
632,Alain,99,7156
633,Rutger,83,7801
634,Leonidas,85,7295
635,Ravi,52,2297
636,Clarke,95,5458
637,Shayna,90,9222
638,Ami,83,3831
639,Fidelity,81,8064
640,Tedra,73,7543
641,Brigit,68,620
642,Izak,61,4393
643,Nan,64,1454
644,Karna,51,1119
645,Kiah,80,9056
646,Theresa,68,5415
647,Tobe,99,1531
648,Barney,83,8597
649,Valeria,54,9602
650,Alli,73,1794
651,Buddie,51,4900
652,Jaymie,53,9631
653,Reilly,95,1181
654,Addy,85,1636
655,Patti,68,4176
656,Henri,73,6924
657,Danny,92,9838
658,Tracy,86,2209
659,Mickey,82,722
660,Arlen,57,7364
661,Nancey,76,9117
662,Almeria,96,3726
663,Whitman,89,3591
664,Vickie,66,954
665,Estelle,88,900
666,Opal,68,1895
667,Free,91,8718
668,Tersina,82,1568
669,Ethelyn,73,2591
670,Teresina,78,5433
671,Gunther,60,6762
672,Gradeigh,72,8933
673,Maire,99,3550
674,Margy,63,8870
675,Vernon,69,6188
676,Roscoe,71,3114
677,Ellissa,89,5909
678,Simonette,92,8260
679,Cathyleen,92,8660
680,Haley,60,8124
681,Elvin,66,1038
682,Bobbee,62,4598
683,Marijo,75,6339
684,Kenon,76,5794
685,Lefty,64,4910
686,Jemmy,69,2512
687,Eve,81,4185
688,Crissie,58,8033
689,Giulio,94,3700
690,Pearce,52,7363
691,Gwenneth,66,9053
692,Reiko,81,4449
693,Fifi,89,6309
694,Lucian,84,3589
695,Ulrike,71,6749
696,Rodina,63,850
697,Perl,55,4491
698,Nathan,74,4994
699,Elfrida,89,8068
700,Carena,50,8398
701,Judah,67,6475
702,Torre,92,6224
703,Vinita,78,4835
704,Mariel,87,9607
705,Alice,56,5869
706,Jeanine,58,9862
707,Thorsten,64,6397
708,Sutherland,57,977
709,Jozef,80,3065
710,Zorah,79,6274
711,Bernarr,96,2448
712,Paulina,51,8359
713,Modestia,61,4900
714,Hilde,96,4089
715,Odelia,66,1303
716,Berrie,68,8228
717,Ruddie,91,685
718,Mabelle,89,6074
719,Francis,90,3105
720,Jonis,60,3317
721,Rufe,68,3733
722,Mischa,62,4718
723,Frans,61,2495
724,Perry,94,830
725,Stan,70,1751
726,Em,54,6639
727,Aurie,92,7864
728,Gunter,92,5358
729,Michaella,68,9601
730,Keir,83,1197
731,Kristyn,64,3047
732,Sandra,88,6168
733,Jaquelin,76,7117
734,Demetre,50,4154
735,Leonid,93,3126
736,Towney,77,1417
737,Gabi,96,7272
738,Karol,64,913
739,Sarine,50,752
740,Broderic,54,3784
741,Evangelina,92,8101
742,Brian,85,8187
743,Priscilla,71,9211
744,Abby,66,4805
745,Conrado,53,7155
746,Bernadette,53,9859
747,Joletta,70,7619
748,Elysee,66,5731
749,Marlyn,77,9185
750,Baillie,71,4053
751,Elsey,57,6897
752,Olivero,71,8185
753,Ruth,72,8785
754,Pepe,90,9677
755,Arden,59,4542
756,Theresina,68,3448
757,Talbot,51,2501
758,Evvy,51,8195
759,Nikki,58,9584
760,Ardis,53,4759
761,Kayla,52,9210
762,Mick,86,2552
763,Isidor,66,991
764,Roddy,88,4637
765,Kippy,58,1233
766,Eberto,92,1852
767,Christina,52,4114
768,Ursula,91,2510
769,Gaye,68,9737
770,Keriann,93,3651
771,Stearn,80,3341
772,Beulah,79,9303
773,Reiko,61,5834
774,Leonanie,52,9323
775,Michale,73,4658
776,Tobye,95,5407
777,Beauregard,51,9583
778,Filide,79,9411
779,Sergei,99,2028
780,Evelina,83,7560
781,Pincas,59,3728
782,Theo,67,2604
783,Sarita,100,5541
784,Carl,93,556
785,Humberto,75,1150
786,Rozina,76,3616
787,Glynis,55,2992
788,Thor,84,953
789,Brew,70,6966
790,Marlow,84,3895
791,Tomasine,97,9000
792,Ham,54,9213
793,Lyn,62,7560
794,Sven,96,3944
795,Emelina,79,5975
796,Adella,89,9327
797,Kurt,92,8215
798,Filip,53,4469
799,Noami,92,9692
800,Rosemarie,73,4824
801,Dilan,91,8222
802,Lesly,59,7184
803,Freda,98,3012
804,Broddy,89,9143
805,Marty,64,5400
806,Lindsay,75,5337
807,Paulette,80,9175
808,Lydon,87,9655
809,Cairistiona,64,1893
810,Karel,93,9224
811,Brewster,100,4698
812,Husain,89,8749
813,Pattie,83,1932
814,Joanie,66,7052
815,Bettye,51,3525
816,Sarena,79,8025
817,Gerianna,86,9583
818,Delcina,52,4745
819,Elizabeth,56,9873
820,Gerhardine,55,2162
821,Lin,99,1427
822,Sarene,88,9198
823,Corilla,81,8831
824,Lissy,55,6167
825,Rahal,82,1043
826,Jourdan,50,5437
827,Annecorinne,56,8955
828,Devon,92,4586
829,Sile,53,6200
830,Armando,71,9108
831,Hewe,66,997
832,Malvin,81,3961
833,Kristi,99,3662
834,Idelle,87,5410
835,Lind,84,2605
836,Theo,100,7617
837,Elonore,65,9267
838,Johnette,61,4339
839,Read,51,7349
840,Jenni,73,6995
841,Gradey,100,6173
842,Malina,78,5156
843,Tallia,100,1838
844,Benn,51,1961
845,Nealon,51,6392
846,Lelah,99,3223
847,Piggy,97,9126
848,Lona,79,2856
849,Reid,51,2161
850,Dela,74,7982
851,Dorothee,92,7041
852,Kitti,65,7627
853,Reagen,72,3232
854,Jeane,66,913
855,Elie,55,8194
856,Pip,63,5264
857,Diego,77,2643
858,Kerby,84,5311
859,Darlleen,94,5785
860,Kaspar,74,4057
861,Celie,90,8351
862,Cross,82,3370
863,Barret,66,6173
864,Cybill,80,2590
865,Keenan,88,6416
866,Josselyn,89,739
867,Gaspard,93,5826
868,Nonna,61,6173
869,Hyacinthie,52,8366
870,Ariana,65,3021
871,Cassius,69,6443
872,Adelheid,95,2886
873,Stefania,84,3454
874,Malorie,73,8705
875,Dagmar,60,2242
876,Abbye,51,3394
877,Abrahan,64,3236
878,Eudora,70,6810
879,Leontyne,78,8065
880,Hope,72,8676
881,Leanora,66,2853
882,Rafaellle,95,6894
883,Zaccaria,86,5803
884,Ralf,87,7169
885,Rennie,57,1228
886,Alissa,94,7911
887,Xena,66,7178
888,Eartha,51,9923
889,Karlotta,71,5743
890,Lola,90,5709
891,Cathi,79,9165
892,Abbey,51,4982
893,Land,93,4287
894,Jennie,88,7294
895,Bondie,97,8192
896,Domingo,70,7864
897,Georgena,89,1558
898,Chiarra,56,1943
899,Barnebas,50,4467
900,Winnie,100,7980
901,Zonda,53,7569
902,Albina,67,7360
903,Ellissa,85,621
904,Ahmed,53,8696
905,Rose,85,2655
906,Benjy,91,3632
907,Jordan,56,9974
908,Marv,94,672
909,Brnaby,82,7696
910,Denni,59,2356
911,Waylon,92,4051
912,Sibilla,83,7726
913,Agosto,100,715
914,Britt,86,9430
915,Colline,68,5624
916,Nikita,74,8289
917,Marcille,90,5822
918,Karen,86,9720
919,Starr,65,2158
920,Gordan,74,6813
921,Thibaut,63,8042
922,Claude,82,6104
923,Finn,100,2827
924,Cherise,70,6669
925,Min,52,6154
926,Carson,74,1654
927,Ruby,54,9283
928,Sybila,67,8911
929,Emilie,55,3442
930,Holly,70,9437
931,Tiff,64,2856
932,Sisile,68,6577
933,Gaston,60,3622
934,Keane,81,6858
935,Corrinne,61,925
936,Solomon,85,6144
937,Husain,51,4483
938,Anson,70,5000
939,Torrin,63,2581
940,Mikey,97,925
941,Worth,65,6964
942,Deonne,60,3971
943,Nicolette,74,8906
944,Clark,82,9070
945,Mufinella,70,2252
946,Maynard,89,5871
947,Vikki,88,1248
948,Marjorie,97,3248
949,Olva,79,3695
950,Morey,55,7192
951,Jody,65,6656
952,Debera,81,6043
953,Esma,77,603
954,Anallise,95,747
955,Rory,55,6757
956,Raynard,64,3507
957,Hannah,56,3083
958,Dore,54,5424
959,Tamra,74,9338
960,Sherwood,60,7103
961,Julio,67,734
962,Rafi,86,1202
963,Lisbeth,94,923
964,Alix,66,9052
965,Lynna,74,9632
966,Budd,89,964
967,Lane,70,1222
968,Gusta,63,7309
969,Pattie,60,804
970,Bryce,50,7108
971,Dionysus,90,966
972,Steffie,50,8868
973,Wini,87,1964
974,Krissie,71,6850
975,Kahlil,62,5379
976,Erica,76,5120
977,Phillipp,85,9150
978,Pepi,68,680
979,Terrel,75,5037
980,Finn,81,783
981,Colline,84,1330
982,Ulla,75,1469
983,Opal,89,7258
984,Christina,56,8073
985,Leila,73,1987
986,Granny,77,3700
987,Britta,88,5393
988,Araldo,52,8633
989,Micheal,93,5568
990,Sebastiano,90,4313
991,Lew,95,3125
992,Pierson,94,5314
993,Elden,85,1424
994,Kirstyn,91,2718
995,Devin,78,2413
996,Willette,56,7128
997,Lovell,52,6025
998,Beverly,55,9085
999,Prent,55,5894
1000,Davon,92,2852
